epoch,train_loss,train_acc,val_loss,val_acc
1,0.6462711548805237,0.615,0.4593344748020172,0.98
