{
  "train_loss": [
    0.6462711548805237
  ],
  "train_acc": [
    0.615
  ],
  "val_loss": [
    0.4593344748020172
  ],
  "val_acc": [
    0.98
  ]
}