{
  "train_loss": [
    0.6462705206871032,
    0.2688910001516342,
    0.05573590889573097,
    0.036482782559469344,
    0.027136496156454085,
    0.03303856935352087,
    0.05477931567467749,
    0.06740247946698219,
    0.02280266803689301,
    0.028643180280923844,
    0.025363871678709984,
    0.01702599457465112,
    0.012285217642784119,
    0.03148436576942913,
    0.02404412274248898,
    0.01945878077298403,
    0.04629750560037792,
    0.05992642275989055,
    0.036462683044373986,
    0.01902665016357787
  ],
  "train_acc": [
    0.615,
    0.96,
    0.9775,
    0.985,
    0.9875,
    0.985,
    0.9775,
    0.975,
    0.9875,
    0.985,
    0.9925,
    0.9925,
    0.9975,
    0.9875,
    0.9875,
    0.99,
    0.9825,
    0.9725,
    0.9875,
    0.9925
  ],
  "val_loss": [
    0.45932834029197694,
    0.0584806863963604,
    0.020795904248952866,
    0.015321498007979243,
    0.016738243447616697,
    0.07372221544384956,
    0.05467472158372402,
    0.011805804264731705,
    0.011022134848171845,
    0.019901234672870485,
    0.009598839299287646,
    0.013068337946897372,
    0.017280758016786423,
    0.01489580939291045,
    0.007477665512415115,
    0.04611707472242415,
    0.057047443753108384,
    0.020525647555477918,
    0.009014375772094354,
    0.006427823962003459
  ],
  "val_acc": [
    0.98,
    1.0,
    1.0,
    1.0,
    0.99,
    0.96,
    0.98,
    1.0,
    1.0,
    0.99,
    1.0,
    0.99,
    0.99,
    0.99,
    1.0,
    0.98,
    0.96,
    0.99,
    1.0,
    1.0
  ]
}