{
  "train_loss": [
    0.6866975422950926,
    0.6687000181658577,
    0.6622825080271738,
    0.6515303722104008,
    0.6556928823472261,
    0.6453414561970393,
    0.6332549619198143,
    0.6215585043175678,
    0.6127898560919515,
    0.5970811117149606,
    0.5837771237678337,
    0.569763410210535,
    0.5594069595116514,
    0.5618847543414424,
    0.5504681444182983,
    0.5477316973545937,
    0.5343178544917158,
    0.5306998570214057,
    0.5205134279202254,
    0.5266554319508593
  ],
  "train_acc": [
    0.5435665209244223,
    0.5787008119925047,
    0.5924422236102436,
    0.6175827607745159,
    0.5997813866333541,
    0.6275765146783261,
    0.6377264209868831,
    0.6566208619612742,
    0.6641161773891318,
    0.6805121798875703,
    0.6883198001249219,
    0.7083073079325422,
    0.7179887570268582,
    0.7061211742660837,
    0.7214241099312929,
    0.7245471580262336,
    0.7395377888819488,
    0.7384447220487196,
    0.7448469706433479,
    0.7418800749531543
  ],
  "val_loss": [
    0.6625911894624937,
    0.6443676269106534,
    0.6401096815842527,
    0.6277762704309562,
    0.6261237810955131,
    0.633790384189253,
    0.6097858022481929,
    0.6107051077669371,
    0.5905902784813352,
    0.5757530259013847,
    0.5559089649922396,
    0.608883687513162,
    0.5440935839495757,
    0.5427405866215483,
    0.5501513407239312,
    0.530772798810431,
    0.5165810054871978,
    0.5579995276926459,
    0.5667848616075247,
    0.516648817255972
  ],
  "val_acc": [
    0.6046221111805122,
    0.6277326670830731,
    0.6277326670830731,
    0.6314803247970019,
    0.6464709556527171,
    0.6277326670830731,
    0.6752029981261711,
    0.6570893191755153,
    0.6820737039350406,
    0.7033104309806371,
    0.7251717676452217,
    0.6752029981261711,
    0.7214241099312929,
    0.7364147407870081,
    0.707682698313554,
    0.7482823235477827,
    0.745159275452842,
    0.7008119925046846,
    0.6964397251717677,
    0.7520299812617114
  ],
  "classes": [
    "cats",
    "dogs"
  ],
  "best_val_acc": 0.7520299812617114,
  "epochs": 20,
  "image_size": 128
}